"","ASIN","Market","Product.Name","Price","Star.Rating","No.Reviews"
"1","B00IWN7YQ0","DE","AfterAlc im praktischen 5er Pack (5x2 Brausetabelt","19,99 €","4.0 von 5 Sternen","74 Sternebewertungen"
"2","B00IWPBIXS","DE","AfterAlc im stylischen Thekendisplay (20x2 Brauset","59,99 €","5.0 von 5 Sternen","1 Sternebewertung"
"3","B07PQJ731M","DE","Vodka Caramel 38% by AMBER I Nachhaltige Premium Q","Not Found","Not Found","Not Found"
"4","B07SJD71T6","DE","Avaio Argan oil","Not Found","Not Found","Not Found"
"5","B07VRQJ35C","DE","AXLETIC Liquid Chalk by Magnesium Pulver | Flüssig","21,99 €","Not Found","Not Found"
"6","B07WCP527T","DE","Anti Chafing Roll On von AXLETIC | Gegen Hautirrit","14,99 €","Not Found","Not Found"
"7","B07R5YWBJ6","DE","Anti-Blasen Fußcreme von AXLETIC 100g I Natürlich ","Not Found","Not Found","Not Found"
"8","B07RF5C3MR","DE","AXLETIC Muskelschmerzlinderer 75ml I Roll-On zur L","19,99 €","3.8 von 5 Sternen","6 Sternebewertungen"
"9","B07W68CR3T","DE","AXLETIC Anti Chafing Lotion Anti-Reibungslotion | ","Not Found","Not Found","Not Found"
"10","B07WK6W5VN","DE","Kühlendes Roll-On von AXLETIC 75ml Flasche I Kühlu","20,99 €","Not Found","Not Found"
"11","B07WSF6F23","DE","Not Found","Not Found","Not Found","Not Found"
"12","B07WSMLBWX","DE","AXLETIC Tropfen gegen Ohrverstopfung 100ml Tropfen","22,99 €","Not Found","Not Found"
"13","B07QHX6QC6","DE","Erkältung und Kopfschmerz-Linderung Roll-On von BE","14,99 €","4.7 von 5 Sternen","11 Sternebewertungen"
"14","B07BDN6VJ5","DE","WC Geruchsblocker von Beauty For The Beast I Natür","19,99 €","2.9 von 5 Sternen","12 Sternebewertungen"
"15","B07CKTG1VG","DE","Bettwanzen Spray von BedBugEx | 100ml Spray Wanzen","12,99 €","3.8 von 5 Sternen","23 Sternebewertungen"
"16","B075TDYXQC","DE","Hundepflege Shampoo Green Power von Belly 500 ml F","16,99 €","3.7 von 5 Sternen","41 Sternebewertungen"
"17","B075TBFSG1","DE","Hundeshampoo Dirty Dog von Belly in der 500ml Flas","16,99 €","3.7 von 5 Sternen","41 Sternebewertungen"
"18","B075TCTT52","DE","Hundeshampoo von Belly 500ml Flasche I Premium Hun","16,99 €","3.7 von 5 Sternen","41 Sternebewertungen"
"19","B07BDJ3YRH","DE","Flohmittel Spray für Hunde von Belly No Fleas 250m","13,99 €","Not Found","Not Found"
"20","B07BDMDDBW","DE","Hunde & Welpen Anti Milben Spray von BELLY 250 ml ","13,99 €","4.5 von 5 Sternen","2 Sternebewertungen"
"21","B07C4TJXC3","DE","Hundepflege für das Fell von Belly Detangle & Groo","13,99 €","4.0 von 5 Sternen","2 Sternebewertungen"
"22","B07CFWXQ6D","DE","Hundeparfüm als Geruchsneutralisierer von Belly Ne","13,99 €","3.0 von 5 Sternen","11 Sternebewertungen"
"23","B07DG37YKH","DE","Belly Hund Flohspray für Hunde No-Itch | ohne DEET","Not Found","2.7 von 5 Sternen","13 Sternebewertungen"
"24","B076T8N2CR","DE","BELLY Insektenabwehrspray für Hunde I 250ml Spray ","13,99 €","Not Found","Not Found"
"25","B079547KT9","DE","Entfilzungsspray für Hunde von BELLY I 250ml Anti ","13,99 €","3.6 von 5 Sternen","2 Sternebewertungen"
"26","B07JVLV48C","DE","Hund Wurmkur & Entwurmung Worm Reliever von Belly ","16,99 €","3.7 von 5 Sternen","7 Sternebewertungen"
"27","B07C4WJWXZ","DE","Beruhigungsmittel No Stress von BELLY I 250 ml nat","13,99 €","3.8 von 5 Sternen","8 Sternebewertungen"
"28","B07L4W91TM","DE","Pfotenschutz und Pfotenpflege für Hunde von Belly ","16,99 €","Not Found","Not Found"
"29","B07C3TB71Y","DE","BELLY DENTAL Care Zahnpflegespray für Hunde 100 ml","16,99 €","3.6 von 5 Sternen","10 Sternebewertungen"
"30","B07PFC28PM","DE","Belly Aktivkohle-Leckerlis für Hunde Aktivkohle Wu","Not Found","3.0 von 5 Sternen","7 Sternebewertungen"
"31","B075TG11S2","DE","Hunde Conditioner Shiny Dog von Belly in der 500ml","16,99 €","3.7 von 5 Sternen","41 Sternebewertungen"
"32","B07C3TMMRN","DE","BELLY Natürliches Bitter Spray für Hunde Stoppt da","7,99 €","2.1 von 5 Sternen","18 Sternebewertungen"
"33","B07GB2NYLY","DE","Augentropfen für Hunde von Belly No Tears I Natürl","12,99 €","5.0 von 5 Sternen","4 Sternebewertungen"
"34","B07KWBCCZ5","DE","Wundspray & Schmerzmittel für Hunde von Belly I Na","12,99 €","3.4 von 5 Sternen","4 Sternebewertungen"
"35","B07H7JZ4KF","DE","Ohrenreiniger für Hunde von Belly 100ml Spray I Mi","Not Found","5.0 von 5 Sternen","3 Sternebewertungen"
"36","B07KWX35Y9","DE","Bio Spirulina Pulver von Belly I Blau-grüne Algen ","13,99 €","4.0 von 5 Sternen","2 Sternebewertungen"
"37","B07QGPGNLS","DE","Belly Pfotenpflege Paw Care Balm 100gr I Für trock","15,99 €","3.0 von 5 Sternen","2 Sternebewertungen"
"38","B07SY9QFZF","DE","Nahrungsergänzungsmittel für Muskeln und Gelenke 2","Not Found","Not Found","Not Found"
"39","B07T29YK8G","DE","Verdaaungsenzyme zur Stärkung der Verdauung 200g v","Not Found","Not Found","Not Found"
"40","B077Z6HVQS","DE","Hunde Conditioner Shiny Dog von Belly in der 500ml","16,99 €","3.7 von 5 Sternen","41 Sternebewertungen"
"41","B076PC9W89","DE","Bio Kokosöl für Tiere von Belly | Hund Zeckenschut","Not Found","1.0 von 5 Sternen","1 Sternebewertung"
"42","B07G9GQ7DG","DE","Vogel Dusche für Vögel von Birdly als Spray 250 ml","13,99 €","5.0 von 5 Sternen","1 Sternebewertung"
"43","B07G9MG6NL","DE","Natürliches Anti-Milben Spray von Birdly | 100ml S","12,99 €","3.6 von 5 Sternen","15 Sternebewertungen"
"44","B079X2SSLV","DE","Insektenstichheiler von BITE CARE | 100% BIO Stich","6,99 €","3.2 von 5 Sternen","7 Sternebewertungen"
"45","B07C24JWJJ","DE","Stichheiler für Babys & Kinder I 100 ml Bite Care ","9,99 €","3.6 von 5 Sternen","4 Sternebewertungen"
"46","B07M5H85KQ","DE","Konzentration steigern mit Raum-Duft von Brain Sto","10,99 €","4.0 von 5 Sternen","1 Sternebewertung"
"47","B07GVNRT5B","DE","Mundspray gegen Mundgeruch von Breathex 100ml I Al","10,99 €","3.1 von 5 Sternen","3 Sternebewertungen"
"48","B07G1C5J6W","DE","Bartwuchsmittel und Bartpflege von Captain Powerbe","14,99 €","3.3 von 5 Sternen","76 Sternebewertungen"
"49","B07QN5KG2D","DE","Haarwuchsspray für Männer von Captain Power Hair |","14,99 €","Not Found","Not Found"
"50","B07G374XSC","DE","Flohspray von CATLY No-Fleas 100 ml I Mittel gegen","12,99 €","2.8 von 5 Sternen","8 Sternebewertungen"
"51","B07GJQ4FZC","DE","Natürliche Milbenabwehr für Katzen von CATLY I Ant","Not Found","Not Found","Not Found"
"52","B07KWDRH9N","DE","Wundspray & Schmerzmittel für Katzen von CATLY 100","12,99 €","3.7 von 5 Sternen","6 Sternebewertungen"
"53","B07PDXVVFW","DE","Catly Katzen Conditioner fur Care 250 ml Flasche I","14,99 €","Not Found","Not Found"
"54","B077PF3SG5","DE","Beruhigungsmittel für Katzen CATLY Chill | Beruhig","12,99 €","3.4 von 5 Sternen","67 Sternebewertungen"
"55","B07846R62T","DE","Katzenabwehr von CATLY STAY AWAY I Bio Katzenschre","12,99 €","2.0 von 5 Sternen","179 Sternebewertungen"
"56","B07G78MJZN","DE","Stinky Stop Natürliches Spray gegen Katzengerüche ","Not Found","Not Found","Not Found"
"57","B07J9RM11K","DE","Ohrenreiniger für Katze CATLY | Biologisches Spray","19,99 €","5.0 von 5 Sternen","4 Sternebewertungen"
"58","B07PGH1Y97","DE","Catly Beruhigungsmittel für Katzen Anti Stress Spr","14,99 €","5.0 von 5 Sternen","1 Sternebewertung"
"59","B07KWVQPBC","DE","Spirulina Pulver Bio von Catly | Blau-grüne Algen ","18,99 €","5.0 von 5 Sternen","1 Sternebewertung"
"60","B07SXBCV3T","DE","Nahrungsergänzungsmittel für Muskeln und Gelenke 2","Not Found","Not Found","Not Found"
"61","B07T2BDZ8G","DE","Catly Verdaaungsenzyme zur Stärkung der Verdauung ","Not Found","Not Found","Not Found"
"62","B07J6PZMNX","DE","Weihnachtlicher Raumduft & Lufterfrischer Spray I ","Not Found","Not Found","Not Found"
"63","B07SD15BJG","DE","Natürliches Haaröl von CLAIRECEUTICALS 100 ml I mi","Not Found","Not Found","Not Found"
"64","B07W8H3XN5","DE","Sonnenschutz Serum von CLAIRECEUTICALS 50 ml I Nic","19,99 €","Not Found","Not Found"
"65","B07W42YQ7V","DE","Natürliche Lippenpflege Lip Salve von CLAIRECEUTIC","Not Found","Not Found","Not Found"
"66","B07VVRSYND","DE","Akne behandeln von CLAIRECEUTICALS I 50 ml Anti Pi","Not Found","Not Found","Not Found"
"67","B07S89SWFG","DE","Hautaufhellungs Serum von CLAIRECEUTICALS I 50 ml ","24,99 €","Not Found","Not Found"
"68","B07SHD7NZF","DE","Haarpflegeserum von CLAIRECEUTICALS I 50 ml natürl","19,99 €","Not Found","Not Found"
"69","B07T41N9X5","DE","100% L-Ascorbic Acid von CLAIRECEUTICAL I 100g I A","24,99 €","Not Found","Not Found"
"70","B07TF8JJFV","DE","Anti-Aging Hyaluronsäure-Serum von CLAIRECEUTICALS","Not Found","Not Found","Not Found"
"71","B07YB1XFF6","DE","Aloe Vera Toner von CLAIRECEUTICALS 250ml Flasche ","Not Found","Not Found","Not Found"
"72","B07SC49HKG","DE","2-in-1 Enzym Cleanser und Peeling von CLAIRECEUTIC","Not Found","Not Found","Not Found"
"73","B07YDXHNNN","DE","Rosenwasser Toner von CLAIRECEUTICALS | 250ml Flas","Not Found","Not Found","Not Found"
"74","B07YFY5NTK","DE","Lavendel Toner von CLAIRECEUTICALS 250ml Flasche I","Not Found","Not Found","Not Found"
"75","B07D7FK5ZR","DE","Bio Sex Toy Cleaner I 100 ml Pumpspray für Vibrato","Not Found","Not Found","Not Found"
"76","B07HP699C9","DE","Schuh Reiniger von Cleanly I BIO Sneaker Cleaner S","14,90 €","5.0 von 5 Sternen","1 Sternebewertung"
"77","B07HB6L1QB","DE","Natürlicher Pinselreiniger von CLEANLY 250 ml I Sa","14,90 €","3.5 von 5 Sternen","7 Sternebewertungen"
"78","B07HCJK26Y","DE","Reiniger für Kopfhörer & In-Ear Ohrhörer I Cleanly","14,90 €","3.0 von 5 Sternen","1 Sternebewertung"
"79","B07HCKFMCY","DE","Brillenreiniger von CLEANLY I Sonnenbrillenreinige","14,90 €","Not Found","Not Found"
"80","B07HCQ5BH3","DE","Bio Schmuckreiniger | 250ml | Gold, Edelstein, Dia","14,90 €","2.6 von 5 Sternen","4 Sternebewertungen"
"81","B07HB67RRT","DE","Holzmöbel Pflege & Reinigung von CLEANLY 250 ml I ","19,99 €","Not Found","Not Found"
"82","B07HCGNWX4","DE","Fleckenentferner von CLEANLY 250 ml I Biologisches","14,90 €","4.0 von 5 Sternen","1 Sternebewertung"
"83","B07JP4VZ3G","DE","Cleanly Bio Boden-Pflege für Holzböden Reinigung u","19,90 €","3.6 von 5 Sternen","4 Sternebewertungen"
"84","B07J6SG552","DE","Holzölpflege für das Schneidebrett von Cleanly I N","14,90 €","Not Found","Not Found"
"85","B07J9XQM7T","DE","","14,90 €","5.0 von 5 Sternen","1 Sternebewertung"
"86","B07JBBL2SX","DE","Matratzen-Reiniger von Cleanly 250ml Spray I BIO C","14,90 €","3.8 von 5 Sternen","6 Sternebewertungen"
"87","B07K9TPG25","DE","Baby Spielzeug Reiniger von CLEANLY Baby Safe Spra","19,90 €","Not Found","Not Found"
"88","B07JZG5WR6","DE","Waschmittel & Geruchsneutralisierer To-Go von CLEA","16,99 €","5.0 von 5 Sternen","2 Sternebewertungen"
"89","B07KGGVLPF","DE","Kaffeemaschinenreiniger von CLEANLY 250ml I Kaffee","14,90 €","4.0 von 5 Sternen","2 Sternebewertungen"
"90","B07KSGKK5Q","DE","Anti Schimmel Spray von CLEANLY 250 ml I Schimmele","Not Found","Not Found","Not Found"
"91","B07KX4BPQT","DE","Flugrostentferner & Rostlöser Spray von Cleanly I ","14,90 €","Not Found","Not Found"
"92","B07KRZJ4YW","DE","Weichspüler & Wäscheduft von Cleanly I Laundry Sof","14,90 €","2.0 von 5 Sternen","1 Sternebewertung"
"93","B07KX3DY6J","DE","Reiniger für Küchengeräte von Cleanly 500 ml Spray","24,99 €","5.0 von 5 Sternen","3 Sternebewertungen"
"94","B07L33Y757","DE","Nachhaltiger Entkalker für Bügeleisen von CLEANLY ","19,90 €","2.0 von 5 Sternen","1 Sternebewertung"
"95","B07MXJ9JTY","DE","Cleanly Lederreiniger und Kunststoffreiniger 250ml","14,90 €","Not Found","Not Found"
"96","B07MZ1VQ6S","DE","Universal Geruchsentferner von Cleanly als 250ml S","19,90 €","5.0 von 5 Sternen","1 Sternebewertung"
"97","B07MZ2T3W2","DE","Fett-und Ölfleckenenferner von CLEANLY I Milder Fl","14,90 €","Not Found","Not Found"
"98","B07MBPVB3J","DE","Teppich-Reiniger von Cleanly 250ml I Natürlicher F","19,99 €","Not Found","Not Found"
"99","B07NGQ5GBY","DE","Urin- und Kalkentferner von CLEANLY 250 ml I Urinf","19,99 €","4.5 von 5 Sternen","2 Sternebewertungen"
"100","B07NDGJF88","DE","Kochfeldreiniger Ceramic Hob Cleaner von Cleanly I","14,90 €","4.0 von 5 Sternen","2 Sternebewertungen"
"101","B07P7VYZ9D","DE","Kameraobjektiv- und Linsen-Reiniger von CLEANLY I ","14,90 €","Not Found","Not Found"
"102","B07P5SLQWK","DE","Not Found","Not Found","Not Found","Not Found"
"103","B07P8XYPS3","DE","Not Found","Not Found","Not Found","Not Found"
"104","B07QL9DY6B","DE","Aufkleber-Entferner-Spray von CLEANLY I 250 ml I E","Not Found","Not Found","Not Found"
"105","B07V5MPRW6","DE","Not Found","Not Found","Not Found","Not Found"
"106","B07RK4CBZW","DE","Not Found","Not Found","Not Found","Not Found"
"107","B07TBNHYXP","DE","Anti Milben Waschmittel von CLEANLY I Biologisches","Not Found","Not Found","Not Found"
"108","B07RWYNZ15","DE","Not Found","Not Found","Not Found","Not Found"
"109","B07BY42VS2","DE","Kakerlaken Spray von COCKROACHEX I 250 ml spray ge","14,99 €","2.9 von 5 Sternen","4 Sternebewertungen"
"110","B071G6F6K3","DE","Zahnaufhellung Aktivkohle Pulver von COCOBRIGHT 60","9,99 €","3.1 von 5 Sternen","15 Sternebewertungen"
"111","B01N6E7STV","DE","Not Found","Not Found","Not Found","Not Found"
"112","B01MQTFHQ7","DE","Zahnaufhellung mit COCOBRIGHT Vanille I Oil Pullin","Not Found","3.7 von 5 Sternen","69 Sternebewertungen"
"113","B01N1RWAAH","DE","Not Found","Not Found","Not Found","Not Found"
"114","B01N6E81GH","DE","Zahnaufhellung mit COCOBRIGHT Vanille I Oil Pullin","Not Found","3.7 von 5 Sternen","69 Sternebewertungen"
"115","B07W84ZDJW","DE","Oil-Pulling Kit von COCOBRIGHT | Zahnaufhellung na","14,99 €","Not Found","Not Found"
"116","B077L36LB9","DE","Not Found","Not Found","Not Found","Not Found"
"117","B01MU08KTE","DE","Not Found","Not Found","Not Found","Not Found"
"118","B01GGPS85Q","DE","Not Found","Not Found","Not Found","Not Found"
"119","B07NY9KQHR","DE","Not Found","Not Found","Not Found","Not Found"
"120","B07C25DLDT","DE","Not Found","Not Found","Not Found","Not Found"
"121","B07VBNMD1R","DE","Not Found","Not Found","Not Found","Not Found"
"122","B07WRBDVMG","DE","Not Found","Not Found","Not Found","Not Found"
"123","B07QYYQSFH","DE","Not Found","Not Found","Not Found","Not Found"
"124","B07QXT9NMF","DE","Not Found","Not Found","Not Found","Not Found"
"125","B07QVXMN4H","DE","Not Found","Not Found","Not Found","Not Found"
"126","B07MLSG671","DE","Not Found","Not Found","Not Found","Not Found"
"127","B07SW648KP","DE","Not Found","Not Found","Not Found","Not Found"
"128","B07QJYT7CH","DE","Not Found","Not Found","Not Found","Not Found"
"129","B07QQ2GPBR","DE","Not Found","Not Found","Not Found","Not Found"
"130","B07QVYNCY4","DE","Not Found","Not Found","Not Found","Not Found"
"131","B07QW2SY1S","DE","Not Found","Not Found","Not Found","Not Found"
"132","B07QYTY276","DE","Not Found","Not Found","Not Found","Not Found"
"133","B07SZ8NDD1","DE","Not Found","Not Found","Not Found","Not Found"
"134","B07BNRV6X9","DE","Not Found","Not Found","Not Found","Not Found"
"135","B0797S8CTZ","DE","Not Found","Not Found","Not Found","Not Found"
"136","B077VM83XY","DE","Not Found","Not Found","Not Found","Not Found"
"137","B07NZ7RT6L","DE","Not Found","Not Found","Not Found","Not Found"
"138","B07P5H92T5","DE","Not Found","Not Found","Not Found","Not Found"
"139","B077PCB2LX","DE","Not Found","Not Found","Not Found","Not Found"
"140","B079ZXDQWJ","DE","Not Found","Not Found","Not Found","Not Found"
"141","B07F8S566D","DE","Not Found","Not Found","Not Found","Not Found"
"142","B07CSQ64XH","DE","Not Found","Not Found","Not Found","Not Found"
"143","B07BDNDLG9","DE","Not Found","Not Found","Not Found","Not Found"
"144","B07PLC3783","DE","Not Found","Not Found","Not Found","Not Found"
"145","B07BHMBFHD","DE","Not Found","Not Found","Not Found","Not Found"
"146","B079VW2KVV","DE","Not Found","Not Found","Not Found","Not Found"
"147","B076PHZQ23","DE","Not Found","Not Found","Not Found","Not Found"
"148","B07D1266D4","DE","Not Found","Not Found","Not Found","Not Found"
"149","B0772NQDMN","DE","Not Found","Not Found","Not Found","Not Found"
"150","B079ZVYTM6","DE","Not Found","Not Found","Not Found","Not Found"
"151","B0798W99QP","DE","Not Found","Not Found","Not Found","Not Found"
"152","B07QY1RJ49","DE","Not Found","Not Found","Not Found","Not Found"
"153","B0798S5R29","DE","Not Found","Not Found","Not Found","Not Found"
"154","B07BZFGM6V","DE","Not Found","Not Found","Not Found","Not Found"
"155","B07DW3XLW7","DE","Not Found","Not Found","Not Found","Not Found"
"156","B07DKFLZ3R","DE","Not Found","Not Found","Not Found","Not Found"
"157","B07DL4HW1G","DE","Not Found","Not Found","Not Found","Not Found"
"158","B07CGCV4J2","DE","Not Found","Not Found","Not Found","Not Found"
"159","B07DKHDR8F","DE","Not Found","Not Found","Not Found","Not Found"
"160","B07DL8Y3Y7","DE","Not Found","Not Found","Not Found","Not Found"
"161","B07CHP7TWJ","DE","Not Found","Not Found","Not Found","Not Found"
"162","B07C8CPC39","DE","Not Found","Not Found","Not Found","Not Found"
"163","B07CJMQK97","DE","Not Found","Not Found","Not Found","Not Found"
"164","B07HP5ZZFT","DE","Not Found","Not Found","Not Found","Not Found"
"165","B07CNRQJHW","DE","Not Found","Not Found","Not Found","Not Found"
"166","B07CSNKGWB","DE","Not Found","Not Found","Not Found","Not Found"
"167","B07CJ98WL2","DE","Not Found","Not Found","Not Found","Not Found"
"168","B07HY1QQZT","DE","Not Found","Not Found","Not Found","Not Found"
"169","B07QGCR2B9","DE","Not Found","Not Found","Not Found","Not Found"
"170","B07QHBP55T","DE","Not Found","Not Found","Not Found","Not Found"
"171","B07QGFMG76","DE","Not Found","Not Found","Not Found","Not Found"
"172","B07QL681LV","DE","Not Found","Not Found","Not Found","Not Found"
"173","B07QL8NVHZ","DE","Not Found","Not Found","Not Found","Not Found"
"174","B07V7K2YYL","DE","Not Found","Not Found","Not Found","Not Found"
"175","B07QHBY9KM","DE","Not Found","Not Found","Not Found","Not Found"
"176","B07JVGT2ZH","DE","Not Found","Not Found","Not Found","Not Found"
"177","B07VYRWBFD","DE","Not Found","Not Found","Not Found","Not Found"
"178","B07VXQWCR5","DE","Not Found","Not Found","Not Found","Not Found"
"179","B07VVLJY9Z","DE","Not Found","Not Found","Not Found","Not Found"
"180","B07BGXVZJM","DE","Not Found","Not Found","Not Found","Not Found"
"181","B07DRDV553","DE","Not Found","Not Found","Not Found","Not Found"
"182","B07KSFLMP7","DE","Not Found","Not Found","Not Found","Not Found"
"183","B078D6C6R9","DE","Not Found","Not Found","Not Found","Not Found"
"184","B077Z79RK5","DE","Not Found","Not Found","Not Found","Not Found"
"185","B07B1H6NRM","DE","Not Found","Not Found","Not Found","Not Found"
"186","B0756WXKJT","DE","Not Found","Not Found","Not Found","Not Found"
"187","B0756Y35BT","DE","Not Found","Not Found","Not Found","Not Found"
"188","B07DWVBJ3C","DE","Not Found","Not Found","Not Found","Not Found"
"189","B07DX4K6GD","DE","Not Found","Not Found","Not Found","Not Found"
"190","B07HP8CW26","DE","Not Found","Not Found","Not Found","Not Found"
"191","B07K7RLZB9","DE","Not Found","Not Found","Not Found","Not Found"
"192","B07RF6WRPQ","DE","Not Found","Not Found","Not Found","Not Found"
"193","B079C2L6YP","DE","Not Found","Not Found","Not Found","Not Found"
"194","B076KGVYFX","DE","Not Found","Not Found","Not Found","Not Found"
"195","B076KMMZS4","DE","Not Found","Not Found","Not Found","Not Found"
"196","B076M6PFM7","DE","Not Found","Not Found","Not Found","Not Found"
"197","B076MGHY9H","DE","Not Found","Not Found","Not Found","Not Found"
"198","B076KRX17P","DE","Not Found","Not Found","Not Found","Not Found"
"199","B076QDCJ7L","DE","Not Found","Not Found","Not Found","Not Found"
"200","B078S32F73","DE","Not Found","Not Found","Not Found","Not Found"
"201","B076KPTWWJ","DE","Not Found","Not Found","Not Found","Not Found"
"202","B07QT7PKS9","DE","Not Found","Not Found","Not Found","Not Found"
"203","B07S355JNT","DE","Not Found","Not Found","Not Found","Not Found"
"204","B07SDCTJ6Z","DE","Not Found","Not Found","Not Found","Not Found"
"205","B079TT44G3","DE","Not Found","Not Found","Not Found","Not Found"
"206","B07G18ZTP4","DE","Not Found","Not Found","Not Found","Not Found"
"207","B07G17GVNG","DE","Not Found","Not Found","Not Found","Not Found"
"208","B07JGSCYN4","DE","Not Found","Not Found","Not Found","Not Found"
"209","B07G17QCYQ","DE","Not Found","Not Found","Not Found","Not Found"
"210","B07G17VT4D","DE","Not Found","Not Found","Not Found","Not Found"
"211","B07G167V72","DE","Not Found","Not Found","Not Found","Not Found"
"212","B07PJVTV2X","DE","Not Found","Not Found","Not Found","Not Found"
"213","B07NNXHJT5","DE","Not Found","Not Found","Not Found","Not Found"
"214","B07N2HMG9M","DE","Not Found","Not Found","Not Found","Not Found"
"215","B07N2TJ2H2","DE","Not Found","Not Found","Not Found","Not Found"
"216","B07NCXMFLM","DE","Not Found","Not Found","Not Found","Not Found"
"217","B07N2VTJWG","DE","Not Found","Not Found","Not Found","Not Found"
"218","B07P7TDSKM","DE","Not Found","Not Found","Not Found","Not Found"
"219","B07PPHQP1H","DE","Not Found","Not Found","Not Found","Not Found"
"220","B07KT9Q3L4","DE","Not Found","Not Found","Not Found","Not Found"
"221","B07KTBKV78","DE","Not Found","Not Found","Not Found","Not Found"
"222","B07L4XJWDH","DE","Not Found","Not Found","Not Found","Not Found"
"223","B07MTGWKF8","DE","Not Found","Not Found","Not Found","Not Found"
"224","B07N67WHKM","DE","Not Found","Not Found","Not Found","Not Found"
"225","B07NZ6NHLY","DE","Not Found","Not Found","Not Found","Not Found"
"226","B07NZ6K1CC","DE","Not Found","Not Found","Not Found","Not Found"
"227","B07NZ7N8FD","DE","Not Found","Not Found","Not Found","Not Found"
"228","B07PFBXYQD","DE","Not Found","Not Found","Not Found","Not Found"
"229","B0756Y34QD","DE","Not Found","Not Found","Not Found","Not Found"
"230","B0756YGVB5","DE","Not Found","Not Found","Not Found","Not Found"
"231","B07D3W9XNC","DE","Not Found","Not Found","Not Found","Not Found"
"232","B07CJCPM98","DE","Not Found","Not Found","Not Found","Not Found"
"233","B07PB4WZ3Z","DE","Not Found","Not Found","Not Found","Not Found"
"234","B07HY3GMM2","DE","Not Found","Not Found","Not Found","Not Found"
"235","B07HY5QX61","DE","Not Found","Not Found","Not Found","Not Found"
"236","B07V5WFG2G","DE","Not Found","Not Found","Not Found","Not Found"
"237","B07S8CL431","DE","Not Found","Not Found","Not Found","Not Found"
"238","B07VFXHJJ4","DE","Not Found","Not Found","Not Found","Not Found"
"239","B07SBCKFNR","DE","Not Found","Not Found","Not Found","Not Found"
"240","B07SD6PZ54","DE","Not Found","Not Found","Not Found","Not Found"
"241","B07SJFX6BB","DE","Not Found","Not Found","Not Found","Not Found"
"242","B07SN3XWWB","DE","Not Found","Not Found","Not Found","Not Found"
"243","B07T71V46B","DE","Not Found","Not Found","Not Found","Not Found"
"244","B07WSGBZ3B","DE","Not Found","Not Found","Not Found","Not Found"
"245","B07QM61LR6","DE","Not Found","Not Found","Not Found","Not Found"
"246","B079VF7MWK","DE","Not Found","Not Found","Not Found","Not Found"
"247","B07RCXQ5ZF","DE","Not Found","Not Found","Not Found","Not Found"
"248","B0787YVHX1","DE","Not Found","Not Found","Not Found","Not Found"
"249","B07CTQ1LFK","DE","Not Found","Not Found","Not Found","Not Found"
"250","B07QGK7D9R","DE","Not Found","Not Found","Not Found","Not Found"
"251","B07QNL7VZG","DE","Not Found","Not Found","Not Found","Not Found"
"252","B07QQ19J32","DE","Not Found","Not Found","Not Found","Not Found"
"253","B07RCHH7DL","DE","Not Found","Not Found","Not Found","Not Found"
"254","B07T9LZQBZ","DE","Not Found","Not Found","Not Found","Not Found"
"255","B07TB8DYY3","DE","Not Found","Not Found","Not Found","Not Found"
"256","B07JVJCVC3","DE","Not Found","Not Found","Not Found","Not Found"
"257","B077RZBSZQ","DE","Not Found","Not Found","Not Found","Not Found"
"258","B07N67DTDS","DE","Not Found","Not Found","Not Found","Not Found"
"259","B07WL88JSL","DE","Not Found","Not Found","Not Found","Not Found"
"260","B076SQF2Z3","DE","Not Found","Not Found","Not Found","Not Found"
"261","B077TD9PC8","DE","Not Found","Not Found","Not Found","Not Found"
"262","B075TFFNFQ","DE","Not Found","Not Found","Not Found","Not Found"
"263","B07RF7TZGQ","DE","Not Found","Not Found","Not Found","Not Found"
"264","B07DNDSMNK","DE","Not Found","Not Found","Not Found","Not Found"
"265","B078TCNSDZ","DE","Not Found","Not Found","Not Found","Not Found"
"266","B07953KKLH","DE","Not Found","Not Found","Not Found","Not Found"
"267","B07NDRXRS7","DE","Not Found","Not Found","Not Found","Not Found"
"268","B075JHX3XX","DE","Not Found","Not Found","Not Found","Not Found"
"269","B075JNPQNG","DE","Not Found","Not Found","Not Found","Not Found"
"270","B07DL8YYM2","DE","Not Found","Not Found","Not Found","Not Found"
"271","B07D18LN6Q","DE","Not Found","Not Found","Not Found","Not Found"
"272","B07CXYSYTC","DE","Not Found","Not Found","Not Found","Not Found"
"273","B07JC291H6","DE","Not Found","Not Found","Not Found","Not Found"
"274","B07JDNY21T","DE","Not Found","Not Found","Not Found","Not Found"
"275","B07KGK66DS","DE","Not Found","Not Found","Not Found","Not Found"
"276","B07LFBFKMJ","DE","Not Found","Not Found","Not Found","Not Found"
"277","B07MLSKKLY","DE","Not Found","Not Found","Not Found","Not Found"
"278","B07N6D2BRC","DE","Not Found","Not Found","Not Found","Not Found"
"279","B07QXQFJTT","DE","Not Found","Not Found","Not Found","Not Found"
"280","B07QP9VRZD","DE","Not Found","Not Found","Not Found","Not Found"
"281","B077ZFGRBM","DE","Not Found","Not Found","Not Found","Not Found"
"282","B0797WTDRM","DE","Not Found","Not Found","Not Found","Not Found"
"283","B0797XKLHZ","DE","Not Found","Not Found","Not Found","Not Found"
"284","B07MJLV3ZF","DE","Not Found","Not Found","Not Found","Not Found"
"285","B071G39KPF","DE","Not Found","Not Found","Not Found","Not Found"
"286","B0796XWMTL","DE","Not Found","Not Found","Not Found","Not Found"
"287","B0797SYKN1","DE","Not Found","Not Found","Not Found","Not Found"
"288","B07HF55HVC","DE","Not Found","Not Found","Not Found","Not Found"
"289","B07CXV2HKF","DE","Not Found","Not Found","Not Found","Not Found"
"290","B07D4KTM9R","DE","Not Found","Not Found","Not Found","Not Found"
"291","B07HP11ZXT","DE","Not Found","Not Found","Not Found","Not Found"
"292","B07DGD2V2Z","DE","Not Found","Not Found","Not Found","Not Found"
"293","B07DGD9F8S","DE","Not Found","Not Found","Not Found","Not Found"
"294","B07BNMZB6Y","DE","Not Found","Not Found","Not Found","Not Found"
"295","B07DM4JX5R","DE","Not Found","Not Found","Not Found","Not Found"
"296","B07CYSQQJ3","DE","Not Found","Not Found","Not Found","Not Found"
"297","B07DNFL9YV","DE","Not Found","Not Found","Not Found","Not Found"
"298","B07D4KCK3W","DE","Not Found","Not Found","Not Found","Not Found"
"299","B07BMSMQ7C","DE","Not Found","Not Found","Not Found","Not Found"
"300","B07CH365PD","DE","Not Found","Not Found","Not Found","Not Found"
"301","B07BNVYLQ2","DE","Not Found","Not Found","Not Found","Not Found"
"302","B0731DCXYX","DE","Not Found","Not Found","Not Found","Not Found"
"303","B07BK3H791","DE","Not Found","Not Found","Not Found","Not Found"
"304","B07BNTB4NV","DE","Not Found","Not Found","Not Found","Not Found"
"305","B07BNRJC6T","DE","Not Found","Not Found","Not Found","Not Found"
"306","B07HF6RBZ2","DE","Not Found","Not Found","Not Found","Not Found"
"307","B07HP84GWF","DE","Not Found","Not Found","Not Found","Not Found"
"308","B07HP9F8Y7","DE","Not Found","Not Found","Not Found","Not Found"
"309","B07HP7YN5M","DE","Not Found","Not Found","Not Found","Not Found"
"310","B07HP92VNG","DE","Not Found","Not Found","Not Found","Not Found"
"311","B07HP98LB4","DE","Not Found","Not Found","Not Found","Not Found"
"312","B07JVK1VTD","DE","Not Found","Not Found","Not Found","Not Found"
"313","B07JC64NGB","DE","Not Found","Not Found","Not Found","Not Found"
"314","B07J9N8ZVQ","DE","Not Found","Not Found","Not Found","Not Found"
"315","B07K9Z6Y39","DE","Not Found","Not Found","Not Found","Not Found"
"316","B07K8H45RD","DE","Not Found","Not Found","Not Found","Not Found"
"317","B07JB7ZVFZ","DE","Not Found","Not Found","Not Found","Not Found"
"318","B07JC81TK7","DE","Not Found","Not Found","Not Found","Not Found"
"319","B07JC9MLLD","DE","Not Found","Not Found","Not Found","Not Found"
"320","B07JD4T3FM","DE","Not Found","Not Found","Not Found","Not Found"
"321","B07KJPFZTB","DE","Not Found","Not Found","Not Found","Not Found"
"322","B07KJBT71B","DE","Not Found","Not Found","Not Found","Not Found"
"323","B07N1MW77L","DE","Not Found","Not Found","Not Found","Not Found"
"324","B07N1MRTQ7","DE","Not Found","Not Found","Not Found","Not Found"
"325","B07MC4PDWD","DE","Not Found","Not Found","Not Found","Not Found"
"326","B07LFK32H1","DE","Not Found","Not Found","Not Found","Not Found"
"327","B07LFG3FBN","DE","Not Found","Not Found","Not Found","Not Found"
"328","B07LFBCKLG","DE","Not Found","Not Found","Not Found","Not Found"
"329","B07LFHLHWD","DE","Not Found","Not Found","Not Found","Not Found"
"330","B07M8D4TNX","DE","Not Found","Not Found","Not Found","Not Found"
"331","B07LBVJK9C","DE","Not Found","Not Found","Not Found","Not Found"
"332","B07N6946XQ","DE","Not Found","Not Found","Not Found","Not Found"
"333","B07N6CXS3S","DE","Not Found","Not Found","Not Found","Not Found"
"334","B07NGNW5JJ","DE","Not Found","Not Found","Not Found","Not Found"
"335","B07NDGZ8Y7","DE","Not Found","Not Found","Not Found","Not Found"
"336","B07NGL5XTZ","DE","Not Found","Not Found","Not Found","Not Found"
"337","B07NL8B4PP","DE","Not Found","Not Found","Not Found","Not Found"
"338","B07NLCQXRX","DE","Not Found","Not Found","Not Found","Not Found"
"339","B07NNBHVQK","DE","Not Found","Not Found","Not Found","Not Found"
"340","B07NP2TD9V","DE","Not Found","Not Found","Not Found","Not Found"
"341","B07NP5CWWQ","DE","Not Found","Not Found","Not Found","Not Found"
"342","B07NP5J2Z4","DE","Not Found","Not Found","Not Found","Not Found"
"343","B07NNMS43D","DE","Not Found","Not Found","Not Found","Not Found"
"344","B07NVJGFDW","DE","Not Found","Not Found","Not Found","Not Found"
"345","B07NVJX1F6","DE","Not Found","Not Found","Not Found","Not Found"
"346","B07NVL1MJL","DE","Not Found","Not Found","Not Found","Not Found"
"347","B07NVJRGWY","DE","Not Found","Not Found","Not Found","Not Found"
"348","B07NVMKZR9","DE","Not Found","Not Found","Not Found","Not Found"
"349","B07NZ1CKGT","DE","Not Found","Not Found","Not Found","Not Found"
"350","B07P135ZK4","DE","Not Found","Not Found","Not Found","Not Found"
"351","B07NZN4T5J","DE","Not Found","Not Found","Not Found","Not Found"
"352","B07P9ZWPYP","DE","Not Found","Not Found","Not Found","Not Found"
"353","B07P2YNWSP","DE","Not Found","Not Found","Not Found","Not Found"
"354","B07QM8NBTH","DE","Not Found","Not Found","Not Found","Not Found"
"355","B07QM86R5F","DE","Not Found","Not Found","Not Found","Not Found"
"356","B07QY3BQ2K","DE","Not Found","Not Found","Not Found","Not Found"
"357","B07QCCD548","DE","Not Found","Not Found","Not Found","Not Found"
"358","B07D4FJYJQ","DE","Not Found","Not Found","Not Found","Not Found"
"359","B07Q38HBB5","DE","Not Found","Not Found","Not Found","Not Found"
"360","B07DM1X6K9","DE","Not Found","Not Found","Not Found","Not Found"
"361","B07PZ8H8H6","DE","Not Found","Not Found","Not Found","Not Found"
"362","B07D4FQNXH","DE","Not Found","Not Found","Not Found","Not Found"
"363","B07KWXKV4X","DE","Not Found","Not Found","Not Found","Not Found"
"364","B07KWYNL7J","DE","Not Found","Not Found","Not Found","Not Found"
"365","B07R4YPGLH","DE","Not Found","Not Found","Not Found","Not Found"
"366","B07R77TL4T","DE","Not Found","Not Found","Not Found","Not Found"
"367","B07CRKTN3Z","DE","Not Found","Not Found","Not Found","Not Found"
"368","B07YKSN46W","DE","Not Found","Not Found","Not Found","Not Found"
"369","B07BGX2HHZ","DE","Not Found","Not Found","Not Found","Not Found"
"370","B07C1RLTDV","DE","Not Found","Not Found","Not Found","Not Found"
"371","B077YZZ3XZ","DE","Not Found","Not Found","Not Found","Not Found"
"372","B07D7TN9WQ","DE","Not Found","Not Found","Not Found","Not Found"
"373","B078TF9H1W","DE","Not Found","Not Found","Not Found","Not Found"
"374","B07DJBFS4P","DE","Not Found","Not Found","Not Found","Not Found"
"375","B07QR3JT17","DE","Not Found","Not Found","Not Found","Not Found"
"376","B07RL676VK","DE","Not Found","Not Found","Not Found","Not Found"
"377","B07RM3XBMM","DE","Not Found","Not Found","Not Found","Not Found"
"378","B07S69G19J","DE","Not Found","Not Found","Not Found","Not Found"
"379","B07S8CM7F1","DE","Not Found","Not Found","Not Found","Not Found"
"380","B07SS19583","DE","Not Found","Not Found","Not Found","Not Found"
"381","B07HB63WRZ","DE","Not Found","Not Found","Not Found","Not Found"
"382","B07JB2JC3J","DE","Not Found","Not Found","Not Found","Not Found"
"383","B07R13KVWC","DE","Not Found","Not Found","Not Found","Not Found"
"384","B07QT928JY","DE","Not Found","Not Found","Not Found","Not Found"
"385","B07Y8P1MXJ","DE","Not Found","Not Found","Not Found","Not Found"
"386","B07WP456YD","DE","Not Found","Not Found","Not Found","Not Found"
"387","B07Y5524Y1","DE","Not Found","Not Found","Not Found","Not Found"
"388","B07WT389CF","DE","Not Found","Not Found","Not Found","Not Found"
"389","B07Y8KRWKL","DE","Not Found","Not Found","Not Found","Not Found"
"390","B07Y89TQPX","DE","Not Found","Not Found","Not Found","Not Found"
"391","B07WRYKQKB","DE","Not Found","Not Found","Not Found","Not Found"
"392","B07Y8ML5VY","DE","Not Found","Not Found","Not Found","Not Found"
"393","B07Y8D2M61","DE","Not Found","Not Found","Not Found","Not Found"
"394","B07WRXGM7T","DE","Not Found","Not Found","Not Found","Not Found"
"395","B07Y5GPLL1","DE","Not Found","Not Found","Not Found","Not Found"
"396","B07Y5JMMCN","DE","Not Found","Not Found","Not Found","Not Found"
"397","B07WP44HWW","DE","Not Found","Not Found","Not Found","Not Found"
"398","B07WT2WS19","DE","Not Found","Not Found","Not Found","Not Found"
"399","B07BDQC6XJ","DE","Not Found","Not Found","Not Found","Not Found"
"400","B07Q4CXQJW","DE","Not Found","Not Found","Not Found","Not Found"
"401","B07Q5GFCDG","DE","Not Found","Not Found","Not Found","Not Found"
"402","B079X46YGF","DE","Not Found","Not Found","Not Found","Not Found"
"403","B07BNSZJSL","DE","Not Found","Not Found","Not Found","Not Found"
"404","B07BHV8BPY","DE","Not Found","Not Found","Not Found","Not Found"
"405","B07NZW333Q","DE","Not Found","Not Found","Not Found","Not Found"
"406","B07PQM1V45","DE","Not Found","Not Found","Not Found","Not Found"
"407","B07NXVKXCT","DE","Not Found","Not Found","Not Found","Not Found"
"408","B07PPHWMT6","DE","Not Found","Not Found","Not Found","Not Found"
"409","B07PNBZ6K4","DE","Not Found","Not Found","Not Found","Not Found"
"410","B07PQL9FSY","DE","Not Found","Not Found","Not Found","Not Found"
"411","B07NXVHZYJ","DE","Not Found","Not Found","Not Found","Not Found"
"412","B07Q46R8YW","DE","Not Found","Not Found","Not Found","Not Found"
"413","B079C24TQR","DE","Not Found","Not Found","Not Found","Not Found"
"414","B07BDQ7LVP","DE","Not Found","Not Found","Not Found","Not Found"
"415","B079HVR49N","DE","Not Found","Not Found","Not Found","Not Found"
"416","B077ZBY4RV","DE","Not Found","Not Found","Not Found","Not Found"
"417","B07T19KQZX","DE","Not Found","Not Found","Not Found","Not Found"
"418","B07SZ7J5WY","DE","Not Found","Not Found","Not Found","Not Found"
"419","B07T15SG7L","DE","Not Found","Not Found","Not Found","Not Found"
"420","B07BZBXNH6","DE","Not Found","Not Found","Not Found","Not Found"
"421","B078JWPGDX","DE","Not Found","Not Found","Not Found","Not Found"
"422","B077YZYT7L","DE","Not Found","Not Found","Not Found","Not Found"
"423","B077Z5CXM4","DE","Not Found","Not Found","Not Found","Not Found"
"424","B078C4TNLM","DE","Not Found","Not Found","Not Found","Not Found"
"425","B07DKJ8JND","DE","Not Found","Not Found","Not Found","Not Found"
"426","B07PQLLHQF","DE","Not Found","Not Found","Not Found","Not Found"
"427","B079ZX9KVV","DE","Not Found","Not Found","Not Found","Not Found"
"428","B07J9Y8ZYF","DE","Not Found","Not Found","Not Found","Not Found"
"429","B07JB9TCYV","DE","Not Found","Not Found","Not Found","Not Found"
"430","B07J9YNQTG","DE","Not Found","Not Found","Not Found","Not Found"
"431","B07J5LKXRQ","DE","Not Found","Not Found","Not Found","Not Found"
"432","B07KSGKJ7F","DE","Not Found","Not Found","Not Found","Not Found"
"433","B07LFGRGL8","DE","Not Found","Not Found","Not Found","Not Found"
"434","B07NDGZ5B5","DE","Not Found","Not Found","Not Found","Not Found"
"435","B07S22D9WJ","DE","Not Found","Not Found","Not Found","Not Found"
"436","B07PDGGYZR","DE","Not Found","Not Found","Not Found","Not Found"
"437","B0797TJQ17","DE","Not Found","Not Found","Not Found","Not Found"
"438","B07DNGRVZQ","DE","Not Found","Not Found","Not Found","Not Found"
"439","B07F16BW56","DE","Not Found","Not Found","Not Found","Not Found"
"440","B07FT3N3ND","DE","Not Found","Not Found","Not Found","Not Found"
"441","B07PFCF88J","DE","Not Found","Not Found","Not Found","Not Found"
"442","B01H0V107S","DE","Not Found","Not Found","Not Found","Not Found"
"443","B01H0V107I","DE","Not Found","Not Found","Not Found","Not Found"
"444","B01H0V108M","DE","Not Found","Not Found","Not Found","Not Found"
"445","B01H0V1082","DE","Not Found","Not Found","Not Found","Not Found"
"446","B01H1VW9YA","DE","Not Found","Not Found","Not Found","Not Found"
"447","B01H1VWAEE","DE","Not Found","Not Found","Not Found","Not Found"
"448","B01H1VWB48","DE","Not Found","Not Found","Not Found","Not Found"
"449","B01H1VWB8Y","DE","Not Found","Not Found","Not Found","Not Found"
"450","B01H1Z31DO","DE","Not Found","Not Found","Not Found","Not Found"
"451","B01H1Z31I4","DE","Not Found","Not Found","Not Found","Not Found"
"452","B01H1Z31GG","DE","Not Found","Not Found","Not Found","Not Found"
"453","B01H1Z31FM","DE","Not Found","Not Found","Not Found","Not Found"
"454","B01H0WM8RS","DE","Not Found","Not Found","Not Found","Not Found"
"455","B01H0WM8SW","DE","Not Found","Not Found","Not Found","Not Found"
"456","B01H0WM8R8","DE","Not Found","Not Found","Not Found","Not Found"
"457","B01H0WM8S2","DE","Not Found","Not Found","Not Found","Not Found"
"458","B01H1X7T3Y","DE","Not Found","Not Found","Not Found","Not Found"
"459","B01H1X7TAW","DE","Not Found","Not Found","Not Found","Not Found"
"460","B01H1X7TAM","DE","Not Found","Not Found","Not Found","Not Found"
"461","B01H1X7TB6","DE","Not Found","Not Found","Not Found","Not Found"
"462","B01H1XO0XG","DE","Not Found","Not Found","Not Found","Not Found"
"463","B01H1XO10I","DE","Not Found","Not Found","Not Found","Not Found"
"464","B01H1XO0S6","DE","Not Found","Not Found","Not Found","Not Found"
"465","B01H1XO0FY","DE","Not Found","Not Found","Not Found","Not Found"
"466","B01H1WDUJC","DE","Not Found","Not Found","Not Found","Not Found"
"467","B01H1WDUJW","DE","Not Found","Not Found","Not Found","Not Found"
"468","B01H1WDULA","DE","Not Found","Not Found","Not Found","Not Found"
"469","B01H1WDUIS","DE","Not Found","Not Found","Not Found","Not Found"
"470","B01H1YKL7E","DE","Not Found","Not Found","Not Found","Not Found"
"471","B01H1YKL4W","DE","Not Found","Not Found","Not Found","Not Found"
"472","B01H1YKL56","DE","Not Found","Not Found","Not Found","Not Found"
"473","B01H1YKL10","DE","Not Found","Not Found","Not Found","Not Found"
"474","B01H1WYI0M","DE","Not Found","Not Found","Not Found","Not Found"
"475","B01H1WYHF8","DE","Not Found","Not Found","Not Found","Not Found"
"476","B01H1WYHO4","DE","Not Found","Not Found","Not Found","Not Found"
"477","B01H1WYHGM","DE","Not Found","Not Found","Not Found","Not Found"
"478","B01H0U6CZE","DE","Not Found","Not Found","Not Found","Not Found"
"479","B01H0U6CS6","DE","Not Found","Not Found","Not Found","Not Found"
"480","B01H0U6CV8","DE","Not Found","Not Found","Not Found","Not Found"
"481","B01H0U6CVI","DE","Not Found","Not Found","Not Found","Not Found"
"482","B01H1ZEH82","DE","Not Found","Not Found","Not Found","Not Found"
"483","B01H1ZEH96","DE","Not Found","Not Found","Not Found","Not Found"
"484","B01H1ZEGSS","DE","Not Found","Not Found","Not Found","Not Found"
"485","B01H1ZEGV0","DE","Not Found","Not Found","Not Found","Not Found"
"486","B01H1YPKNY","DE","Not Found","Not Found","Not Found","Not Found"
"487","B01H1YPKPC","DE","Not Found","Not Found","Not Found","Not Found"
"488","B01H1YPKR0","DE","Not Found","Not Found","Not Found","Not Found"
"489","B01H1YPKMU","DE","Not Found","Not Found","Not Found","Not Found"
"490","B01H20PJGA","DE","Not Found","Not Found","Not Found","Not Found"
"491","B01H20PJEC","DE","Not Found","Not Found","Not Found","Not Found"
"492","B01H20PJJ2","DE","Not Found","Not Found","Not Found","Not Found"
"493","B01H20PJ60","DE","Not Found","Not Found","Not Found","Not Found"
"494","B01H0SJTNS","DE","Not Found","Not Found","Not Found","Not Found"
"495","B01H0SHNZY","DE","Not Found","Not Found","Not Found","Not Found"
"496","B01H0SHO2Q","DE","Not Found","Not Found","Not Found","Not Found"
"497","B01H0SHO26","DE","Not Found","Not Found","Not Found","Not Found"
"498","B01H20PJH4","DE","Not Found","Not Found","Not Found","Not Found"
"499","B01H0V1078","DE","Not Found","Not Found","Not Found","Not Found"
"500","B01H1XO0TK","DE","Not Found","Not Found","Not Found","Not Found"
"501","B01H1WYHJE","DE","Not Found","Not Found","Not Found","Not Found"
"502","B01H1X7TCA","DE","Not Found","Not Found","Not Found","Not Found"
"503","B01H1YKL06","DE","Not Found","Not Found","Not Found","Not Found"
"504","B07CHQ7T56","DE","Not Found","Not Found","Not Found","Not Found"
"505","B01H1Z31ES","DE","Not Found","Not Found","Not Found","Not Found"
"506","B01H1VWB84","DE","Not Found","Not Found","Not Found","Not Found"
"507","B01H0WM8QY","DE","Not Found","Not Found","Not Found","Not Found"
"508","B01H1WDUUQ","DE","Not Found","Not Found","Not Found","Not Found"
"509","B01H1ZEH6O","DE","Not Found","Not Found","Not Found","Not Found"
"510","B01H1YPKKW","DE","Not Found","Not Found","Not Found","Not Found"
"511","B01H0U6CQI","DE","Not Found","Not Found","Not Found","Not Found"
"512","B07C54TVDN","DE","Not Found","Not Found","Not Found","Not Found"
"513","B07B2YJVN8","DE","Not Found","Not Found","Not Found","Not Found"
"514","B07KT6YNPC","DE","Not Found","Not Found","Not Found","Not Found"
"515","B07PB24R6F","DE","Not Found","Not Found","Not Found","Not Found"
"516","B07P8ZX22V","DE","Not Found","Not Found","Not Found","Not Found"
"517","B07BK4XKP8","DE","Not Found","Not Found","Not Found","Not Found"
"518","B07BFWTW6P","DE","Not Found","Not Found","Not Found","Not Found"
"519","B07L17CCXD","DE","Not Found","Not Found","Not Found","Not Found"
"520","B07KZMMKWC","DE","Not Found","Not Found","Not Found","Not Found"
"521","B07B6B98ZX","DE","Not Found","Not Found","Not Found","Not Found"
"522","B07B53QMHV","DE","Not Found","Not Found","Not Found","Not Found"
"523","B07P9ZDJBJ","DE","Not Found","Not Found","Not Found","Not Found"
"524","B07P7WRT47","DE","Not Found","Not Found","Not Found","Not Found"
"525","B07L159SKD","DE","Not Found","Not Found","Not Found","Not Found"
"526","B079TRBS57","DE","Not Found","Not Found","Not Found","Not Found"
"527","B07G1BBNT6","DE","Not Found","Not Found","Not Found","Not Found"
"528","B07PFCYJJJ","DE","Not Found","Not Found","Not Found","Not Found"
"529","B07B3S6B6X","DE","Not Found","Not Found","Not Found","Not Found"
"530","B07NPLTCWB","DE","Not Found","Not Found","Not Found","Not Found"
"531","B07NZ7SM47","DE","Not Found","Not Found","Not Found","Not Found"
"532","B07P7VQGKS","DE","Not Found","Not Found","Not Found","Not Found"
"533","B07P4MZMSL","DE","Not Found","Not Found","Not Found","Not Found"
"534","B07W61W33X","DE","Not Found","Not Found","Not Found","Not Found"
"535","B07W13XQWD","DE","Not Found","Not Found","Not Found","Not Found"
"536","B07W228H9X","DE","Not Found","Not Found","Not Found","Not Found"
"537","B07NGFV33T","DE","Not Found","Not Found","Not Found","Not Found"
"538","B07PBVWRGD","DE","Not Found","Not Found","Not Found","Not Found"
"539","B077SRC5NR","DE","Not Found","Not Found","Not Found","Not Found"
"540","B07P42JCXW","DE","Not Found","Not Found","Not Found","Not Found"
"541","B079P58SWW","DE","Not Found","Not Found","Not Found","Not Found"
"542","B0778QXQRS","DE","Not Found","Not Found","Not Found","Not Found"
"543","B07DM13XBX","DE","Not Found","Not Found","Not Found","Not Found"
"544","B07L15TPZM","DE","Not Found","Not Found","Not Found","Not Found"
"545","B01MRGXWGI","DE","Not Found","Not Found","Not Found","Not Found"
"546","B01NAKU79C","DE","Not Found","Not Found","Not Found","Not Found"
"547","B071K94MFF","DE","Not Found","Not Found","Not Found","Not Found"
"548","B074MB8CDS","DE","Not Found","Not Found","Not Found","Not Found"
"549","B0756YTFJP","DE","Not Found","Not Found","Not Found","Not Found"
"550","B0757HGN3C","DE","Not Found","Not Found","Not Found","Not Found"
"551","B079SXTRYN","DE","Not Found","Not Found","Not Found","Not Found"
"552","B07HCWW12Y","DE","Not Found","Not Found","Not Found","Not Found"
"553","B07JC9LYZK","DE","Not Found","Not Found","Not Found","Not Found"
"554","B01MQVM40R","DE","Not Found","Not Found","Not Found","Not Found"
"555","B0721N72J6","DE","Not Found","Not Found","Not Found","Not Found"
"556","B072KHK2YT","DE","Not Found","Not Found","Not Found","Not Found"
"557","B0731H78PW","DE","Not Found","Not Found","Not Found","Not Found"
"558","B074MBCJ34","DE","Not Found","Not Found","Not Found","Not Found"
"559","B074MBX5PF","DE","Not Found","Not Found","Not Found","Not Found"
"560","B074MC4MG8","DE","Not Found","Not Found","Not Found","Not Found"
"561","B076WX6N58","DE","Not Found","Not Found","Not Found","Not Found"
"562","B077T6Z9G6","DE","Not Found","Not Found","Not Found","Not Found"
"563","B0796XSP84","DE","Not Found","Not Found","Not Found","Not Found"
"564","B07C8ZY7H5","DE","Not Found","Not Found","Not Found","Not Found"
"565","B07DCC13KV","DE","Not Found","Not Found","Not Found","Not Found"
"566","B07BHQYGWK","DE","Not Found","Not Found","Not Found","Not Found"
"567","B078TJTYXF","DE","Not Found","Not Found","Not Found","Not Found"
"568","B07BH4RD69","DE","Not Found","Not Found","Not Found","Not Found"
"569","B07HCJN58C","DE","Not Found","Not Found","Not Found","Not Found"
"570","B07J66P813","DE","Not Found","Not Found","Not Found","Not Found"
"571","B07JB8XYDQ","DE","Not Found","Not Found","Not Found","Not Found"
"572","B07L3TGWYL","DE","Not Found","Not Found","Not Found","Not Found"
"573","B075ZXBFY5","DE","Not Found","Not Found","Not Found","Not Found"
"574","B07NY1HBT3","DE","Not Found","Not Found","Not Found","Not Found"
"575","B07G776HXF","DE","Not Found","Not Found","Not Found","Not Found"
